Encode,0,1,2,3,4,5
1,2,12,16,1,1,1
1,3,13,17,1,1,1
1,3,13,17,1,1,1
1,3,13,15,1,1,1
1,3,13,17,1,1,1
1,3,13,16,1,1,1
1,3,13,17,1,1,1
1,3,13,17,1,1,1
1,3,13,17,1,1,1
1,3,13,17,1,1,1
1,3,13,17,1,1,1
1,3,13,17,1,1,1
1,3,13,19,1,1,1
1,3,13,16,1,1,1
1,3,13,17,1,1,1
1,3,13,17,1,1,1
1,3,13,17,1,1,1
1,3,13,17,1,1,1
1,3,13,19,1,1,1
1,3,13,17,1,1,1
1,3,13,17,1,1,1
1,3,13,17,1,1,1
1,3,13,17,1,1,1
1,3,13,16,1,1,1
1,3,13,17,1,1,1
1,3,13,17,1,1,1
1,3,13,17,1,1,1
1,3,13,15,1,1,1
1,3,13,19,1,1,1
1,3,13,19,1,1,1
1,3,13,16,1,1,1
1,3,13,17,1,1,1
1,3,13,17,1,1,1
1,3,13,17,1,1,1
1,3,13,17,1,1,1
1,3,13,17,1,1,1
1,2,12,14,0,0,0
1,3,13,18,1,1,1
1,2,12,16,0,0,0
1,2,12,16,0,0,0
1,2,12,17,0,0,0
1,2,12,13,0,0,0
1,2,12,14,0,0,0
1,2,12,15,0,0,0
1,3,13,15,1,1,1
1,3,13,17,1,1,1
1,3,13,17,1,1,1
1,3,13,17,1,1,1
1,3,13,17,1,1,1
1,3,13,17,1,1,1
2,3,13,14,1,1,1
2,2,12,18,0,0,0
2,2,12,21,0,0,0
2,2,12,21,0,0,0
2,2,12,21,0,0,0
2,2,12,21,0,0,0
2,2,12,21,0,0,0
2,2,12,17,0,0,0
2,3,13,13,1,1,1
2,3,13,15,1,1,1
2,3,13,15,1,1,1
2,3,13,21,2,2,0
2,3,13,18,1,1,1
2,3,13,15,1,1,1
2,3,13,13,1,1,1
2,1,11,16,0,0,0
2,1,11,13,0,0,0
2,2,12,16,1,1,1
2,2,12,14,1,1,1
2,2,12,17,0,0,0
2,1,11,16,0,0,0
2,2,12,12,1,1,1
2,2,12,15,0,0,0
2,2,12,16,1,1,1
2,2,12,17,0,0,0
2,2,12,14,1,1,1
2,2,12,18,0,0,0
2,1,11,16,0,0,0
2,1,11,13,0,0,0
2,2,12,14,1,1,1
2,2,12,14,1,1,1
2,2,12,14,1,1,1
2,2,12,15,1,1,1
2,3,13,17,2,2,2
2,1,11,16,0,0,0
2,2,12,15,1,1,1
2,2,12,14,1,1,1
2,2,12,14,1,1,1
2,2,12,14,1,1,1
2,2,12,18,1,1,1
2,2,12,14,1,1,1
2,1,11,13,0,0,0
2,1,11,13,0,0,0
2,1,11,16,0,0,0
2,2,12,18,0,0,0
2,3,13,15,1,1,1
2,2,12,14,1,1,1
2,2,12,14,1,1,1
2,2,12,14,1,1,1
2,2,12,14,1,1,1
3,2,12,19,0,0,0
3,2,11,17,0,0,0
3,2,12,15,0,0,0
3,2,11,20,0,0,0
3,2,12,19,0,0,0
3,2,12,16,0,0,0
3,2,12,19,0,0,0
3,2,12,19,0,0,0
3,2,12,19,0,0,0
3,2,12,19,0,0,0
3,2,12,19,0,0,0
3,2,12,19,0,0,0
3,2,12,19,0,0,0
3,2,12,19,0,0,0
3,2,12,16,0,0,0
3,2,12,19,0,0,0
3,2,12,19,0,0,0
3,2,12,19,0,0,0
3,2,12,19,0,0,0
3,2,12,19,0,0,0
3,2,12,19,0,0,0
3,2,12,16,0,0,0
3,3,13,18,1,1,1
3,2,12,19,0,0,0
3,2,12,19,0,0,0
3,2,12,19,0,0,0
3,2,12,19,0,0,0
3,3,13,14,0,0,0
3,3,13,20,1,1,1
3,2,12,19,0,0,0
3,2,12,15,0,0,0
3,2,12,19,0,0,0
3,2,12,14,0,0,0
3,2,12,19,0,0,0
3,2,12,19,0,0,0
3,2,12,19,0,0,0
3,2,12,13,0,0,0
3,2,12,19,0,0,0
3,2,12,19,0,0,0
3,2,12,19,0,0,0
3,2,12,19,0,0,0
3,2,12,19,0,0,0
3,2,12,19,0,0,0
3,2,12,16,0,0,0
3,2,12,19,0,0,0
3,3,13,20,1,1,1
3,2,12,16,0,0,0
3,2,12,19,0,0,0
3,2,12,16,0,0,0
3,2,12,15,0,0,0
1,0,0,0,0,0,0
1,0,0,0,0,0,0
1,0,0,0,0,0,0
1,0,0,0,0,0,0
1,0,0,0,0,0,0
1,0,0,0,0,0,0
1,0,0,0,0,0,0
1,0,0,0,0,0,0
1,0,0,0,0,0,0
1,0,0,0,0,0,0
1,0,0,0,0,0,0
1,0,0,0,0,0,0
1,0,0,0,0,0,0
1,0,0,0,0,0,0
1,0,0,0,0,0,0
1,0,0,0,0,0,0
1,0,0,0,0,0,0
1,0,0,0,0,0,0
1,0,0,0,0,0,0
1,0,0,0,0,0,0
1,0,0,0,0,0,0
1,0,0,0,0,0,0
1,0,0,0,0,0,0
1,0,0,0,0,0,0
1,0,0,0,0,0,0
1,0,0,0,0,0,0
1,0,0,0,0,0,0
1,0,0,0,0,0,0
1,0,0,0,0,0,0
1,0,0,0,0,0,0
1,0,0,0,0,0,0
1,0,0,0,0,0,0
1,0,0,0,0,0,0
1,0,0,0,0,0,0
1,0,0,0,0,0,0
1,0,0,0,0,0,0
1,0,0,0,0,0,0
1,0,0,0,0,0,0
1,0,0,0,0,0,0
1,0,0,0,0,0,0
1,0,0,0,0,0,0
1,0,0,0,0,0,0
1,0,0,0,0,0,0
1,0,0,0,0,0,0
1,0,0,0,0,0,0
1,0,0,0,0,0,0
1,0,0,0,0,0,0
1,0,0,0,0,0,0
1,0,0,0,0,0,0
1,0,0,0,0,0,0
1,0,0,0,0,0,0
1,0,0,0,0,0,0
1,0,0,0,0,0,0
1,0,0,0,0,0,0
1,0,0,0,0,0,0
1,0,0,0,0,0,0
1,0,0,0,0,0,0
1,0,0,0,0,0,0
1,0,0,0,0,0,0
1,0,0,0,0,0,0
1,0,0,0,0,0,0
1,0,0,0,0,0,0
1,0,0,0,0,0,0
1,0,0,0,0,0,0
1,0,0,0,0,0,0
1,0,0,0,0,0,0
1,0,0,0,0,0,0
1,0,0,0,0,0,0
1,0,0,0,0,0,0
1,0,0,0,0,0,0
1,0,0,0,0,0,0
1,0,0,0,0,0,0
1,0,0,0,0,0,0
1,0,0,0,0,0,0
1,0,0,0,0,0,0
1,0,0,0,0,0,0
1,0,0,0,0,0,0
1,0,0,0,0,0,0
1,0,0,0,0,0,0
1,0,0,0,0,0,0
1,0,0,0,0,0,0
1,0,0,0,0,0,0
1,0,0,0,0,0,0
1,0,0,0,0,0,0
1,0,0,0,0,0,0
1,0,0,0,0,0,0
1,0,0,0,0,0,0
1,0,0,0,0,0,0
1,0,0,0,0,0,0
1,0,0,0,0,0,0
1,0,0,0,0,0,0
1,0,0,0,0,0,0
1,0,0,0,0,0,0
1,0,0,0,0,0,0
1,0,0,0,0,0,0
1,0,0,0,0,0,0
1,0,0,0,0,0,0
1,0,0,0,0,0,0
1,0,0,0,0,0,0
1,0,0,0,0,0,0
1,0,0,0,0,0,0
1,0,0,0,0,0,0
1,0,0,0,0,0,0
1,0,0,0,0,0,0
1,0,0,0,0,0,0
1,0,0,0,0,0,0
1,0,0,0,0,0,0
1,0,0,0,0,0,0
1,0,0,0,0,0,0
1,0,0,0,0,0,0
1,1,1,1,1,1,1
1,0,0,0,0,0,0
1,0,0,0,0,0,0
1,0,0,0,0,0,0
1,0,0,0,0,0,0
1,0,0,0,0,0,0
1,0,0,0,0,0,0
1,0,0,0,0,0,0
1,0,0,0,0,0,0
1,0,0,0,0,0,0
1,0,0,0,0,0,0
1,0,0,0,0,0,0
1,1,1,1,1,1,1
1,0,0,0,0,0,0
1,0,0,0,0,0,0
1,0,0,0,0,0,0
1,0,0,0,0,0,0
1,0,0,0,0,0,0
1,0,0,0,0,0,0
1,0,0,0,0,0,0
1,0,0,0,0,0,0
1,0,0,0,0,0,0
1,0,0,0,0,0,0
1,1,1,1,1,1,1
1,0,0,0,0,0,0
1,0,0,0,0,0,0
1,0,0,0,0,0,0
1,0,0,0,0,0,0
1,0,0,0,0,0,0
1,0,0,0,0,0,0
1,0,0,0,0,0,0
1,0,0,0,0,0,0
1,0,0,0,0,0,0
1,0,0,0,0,0,0
1,1,1,1,1,1,1
1,0,0,0,0,0,0
1,0,0,0,0,0,0
1,0,0,0,0,0,0
1,0,0,0,0,0,0
1,0,0,0,0,0,0
1,0,0,0,0,0,0
1,0,0,0,0,0,0
1,0,0,0,0,0,0
1,0,0,0,0,0,0
1,0,0,0,0,0,0
1,1,1,1,1,1,1
1,0,0,0,0,0,0
1,0,0,0,0,0,0
1,0,0,0,0,0,0
1,0,0,0,0,0,0
1,0,0,0,0,0,0
1,0,0,0,0,0,0
1,0,0,0,0,0,0
1,0,0,0,0,0,0
1,0,0,0,0,0,0
1,0,0,0,0,0,0
1,1,1,1,1,1,1
1,0,0,0,0,0,0
1,0,0,0,0,0,0
1,0,0,0,0,0,0
1,0,0,0,0,0,0
1,0,0,0,0,0,0
1,0,0,0,0,0,0
1,0,0,0,0,0,0
1,0,0,0,0,0,0
1,0,0,0,0,0,0
1,0,0,0,0,0,0
1,0,0,0,0,0,0
1,0,0,0,0,0,0
1,0,0,0,0,0,0
1,0,0,0,0,0,0
1,0,0,0,0,0,0
1,0,0,0,0,0,0
1,0,0,0,0,0,0
1,0,0,0,0,0,0
1,0,0,0,0,0,0
1,0,0,0,0,0,0
1,0,0,0,0,0,0
1,0,0,0,0,0,0
1,0,0,0,0,0,0
1,0,0,0,0,0,0
1,0,0,0,0,0,0
1,0,0,0,0,0,0
1,0,0,0,0,0,0
1,0,0,0,0,0,0
1,0,0,0,0,0,0
1,0,0,0,0,0,0
1,0,0,0,0,0,0
1,0,0,0,0,0,0
1,0,1,0,0,0,0
2,0,0,0,0,0,0
2,0,0,0,0,0,0
2,0,0,0,0,0,0
2,0,0,0,0,0,0
2,0,0,0,0,0,0
2,0,0,0,0,0,0
2,0,0,0,0,0,0
2,0,0,0,0,0,0
3,0,0,0,0,0,0
3,0,0,0,0,0,0
3,0,0,0,0,0,0
3,0,0,0,0,0,0
3,0,0,0,0,0,0
3,0,0,0,0,0,0
3,0,0,0,0,0,0
3,0,0,0,0,0,0
3,0,0,0,0,0,0
3,0,0,0,0,0,0
3,0,0,0,0,0,0
3,0,0,0,0,0,0
3,0,0,0,0,0,0
3,0,0,0,0,0,0
3,0,0,0,0,0,0
3,0,0,0,0,0,0
3,0,0,0,0,0,0
3,0,0,0,0,0,0
3,0,0,0,0,0,0
3,0,0,0,0,0,0
3,0,0,0,0,0,0
3,0,0,0,0,0,0
3,0,0,0,0,0,0
3,0,0,0,0,0,0
3,0,0,0,0,0,0
3,0,0,0,0,0,0
3,0,0,0,0,0,0
3,0,0,0,0,0,0
3,0,0,0,0,0,0
3,0,0,0,0,0,0
3,0,0,0,0,0,0
3,0,0,0,0,0,0
3,0,0,0,0,0,0
3,0,0,0,0,0,0
3,0,0,0,0,0,0
3,0,0,0,0,0,0
3,0,0,0,0,0,0
3,0,0,0,0,0,0
3,0,0,0,0,0,0
3,0,0,0,0,0,0
3,0,0,0,0,0,0
3,0,0,0,0,0,0
3,0,0,0,0,0,0
3,0,0,0,0,0,0
3,0,0,0,0,0,0
3,0,0,0,0,0,0
3,0,0,0,0,0,0
3,0,0,0,0,0,0
3,0,0,0,0,0,0
3,0,0,0,0,0,0
3,0,0,0,0,0,0
3,0,0,0,0,0,0
3,0,0,0,0,0,0
3,0,0,0,0,0,0
3,0,0,0,0,0,0
3,0,0,0,0,0,0
3,0,0,0,0,0,0
3,0,0,0,0,0,0
3,0,0,0,0,0,0
3,0,0,0,0,0,0
3,0,0,0,0,0,0
3,0,0,0,0,0,0
3,0,0,0,0,0,0
3,0,0,0,0,0,0
3,0,0,0,0,0,0
3,0,0,0,0,0,0
3,0,0,0,0,0,0
3,0,0,0,0,0,0
3,0,0,0,0,0,0
3,0,0,0,0,0,0
3,0,0,0,0,0,0
3,0,0,0,0,0,0
3,0,0,0,0,0,0
3,0,0,0,0,0,0
3,0,0,0,0,0,0
3,0,0,0,0,0,0
3,0,0,0,0,0,0
3,0,0,0,0,0,0
3,0,0,0,0,0,0
3,0,0,0,0,0,0
3,0,0,0,0,0,0
3,0,0,0,0,0,0
3,0,0,0,0,0,0
3,0,0,0,0,0,0
3,0,0,0,0,0,0
3,0,0,0,0,0,0
3,0,0,0,0,0,0
3,0,0,0,0,0,0
3,0,0,0,0,0,0
3,0,0,0,0,0,0
3,0,0,0,0,0,0
3,0,0,0,0,0,0
3,0,0,0,0,0,0
3,0,0,0,0,0,0
3,0,0,0,0,0,0
3,0,0,0,0,0,0
3,0,0,0,0,0,0
3,0,0,0,0,0,0
3,0,0,0,0,0,0
3,0,0,0,0,0,0
3,0,0,0,0,0,0
3,0,0,0,0,0,0
3,0,0,0,0,0,0
3,0,0,0,0,0,0
3,0,0,0,0,0,0
3,0,0,0,0,0,0
3,0,0,0,0,0,0
3,0,0,0,0,0,0
3,0,0,0,0,0,0
3,0,0,0,0,0,0
3,1,1,1,1,1,0
3,0,0,0,0,0,0
3,0,0,0,0,0,0
3,0,0,0,0,0,0
3,0,0,0,0,0,0
3,0,0,0,0,0,0
3,0,0,0,0,0,0
3,0,0,0,0,0,0
3,0,0,0,0,0,0
3,0,0,0,0,0,0
3,0,0,0,0,0,0
3,0,0,0,0,0,0
3,1,1,1,1,1,1
3,0,0,0,0,0,0
3,0,0,0,0,0,0
3,0,0,0,0,0,0
3,0,0,0,0,0,0
3,0,0,0,0,0,0
3,0,0,0,0,0,0
3,0,0,0,0,0,0
3,0,0,0,0,0,0
3,0,0,0,0,0,0
3,0,0,0,0,0,0
3,0,0,0,0,0,0
3,0,0,0,0,0,0
3,0,0,0,0,0,0
3,0,0,0,0,0,0
3,0,0,0,0,0,0
3,0,0,0,0,0,0
3,0,0,0,0,0,0
3,0,0,0,0,0,0
3,0,0,0,0,0,0
3,0,0,0,0,0,0
3,0,0,0,0,0,0
3,0,0,0,0,0,0
3,0,0,0,0,0,0
3,0,0,0,0,0,0
3,0,0,0,0,0,0
3,0,0,0,0,0,0
3,0,0,0,0,0,0
3,0,0,0,0,0,0
3,0,0,0,0,0,0
3,0,0,0,0,0,0
3,0,0,0,0,0,0
3,0,0,0,0,0,0
3,0,0,0,0,0,0
3,0,0,0,0,0,0
3,0,0,0,0,0,0
3,0,0,0,0,0,0
3,0,0,0,0,0,0
3,0,0,0,0,0,0
3,0,0,0,0,0,0
3,0,0,0,0,0,0
3,0,0,0,0,0,0
3,0,0,0,0,0,0
3,0,0,0,0,0,0
3,0,0,0,0,0,0
3,0,0,0,0,0,0
3,0,0,0,0,0,0
3,0,0,0,0,0,0
3,0,0,0,0,0,0
3,0,0,0,0,0,0
3,0,0,0,0,0,0
3,0,0,0,0,0,0
3,0,0,0,0,0,0
3,0,0,0,0,0,0
3,0,0,0,0,0,0
3,0,0,0,0,0,0
3,0,0,0,0,0,0
3,0,0,0,0,0,0
3,0,0,0,0,0,0
3,0,0,0,0,0,0
3,0,0,0,0,0,0
3,0,0,0,0,0,0
3,0,0,0,0,0,0
3,0,0,0,0,0,0
3,0,0,0,0,0,0
3,0,0,0,0,0,0
3,0,0,0,0,0,0
3,0,0,0,0,0,0
3,0,0,0,0,0,0
3,0,0,0,0,0,0
3,0,0,0,0,0,0
3,0,0,0,0,0,0
3,0,0,0,0,0,0
3,0,0,0,0,0,0
3,0,0,0,0,0,0
3,0,0,0,0,0,0
3,0,0,0,0,0,0
3,0,0,0,0,0,0
